<?xml version="1.0" encoding="UTF-8"?>
<forecast>
   <dailyForecast>
      <date>2015-06-01</date>
      <description>sunny</description>
      <maxTemp unit="C">22</maxTemp>
      <minTemp unit="C">20</minTemp>
      <windSpeed unit="kph">12</windSpeed>
      <danger>false</danger>
   </dailyForecast>
   <dailyForecast>
      <date>2015-06-02</date>
      <description>windy</description>
      <maxTemp unit="C">22</maxTemp>
      <minTemp unit="C">20</minTemp>
      <windSpeed unit="kph">40</windSpeed>
      <danger>true</danger>
   </dailyForecast>
   <dailyForecast />
</forecast>
